term,slug,cluster,status,priority,keywords
What is 8-bit Quantization,what-is-8-bit-quantization,llms,done,2,"8-bit quantization, 8-bit precision, half precision model, reduced memory model, efficient inference"
What is 8-bit Quantization,what-is-8-bit-quantization,llms,pending,2,"8-bit quantization, 8-bit precision, half precision model, reduced memory model, efficient inference"
What is 8-bit Quantization,what-is-8-bit-quantization,llms,pending,2,"8-bit quantization, 8-bit precision, half precision model, reduced memory model, efficient inference"
What is 8-bit Quantization,what-is-8-bit-quantization,llms,pending,2,"8-bit quantization, 8-bit precision, half precision model, reduced memory model, efficient inference"
What is 8-bit Quantization,what-is-8-bit-quantization,llms,pending,2,"8-bit quantization, 8-bit precision, half precision model, reduced memory model, efficient inference"
What is 8-bit Quantization,what-is-8-bit-quantization,llms,pending,2,"8-bit quantization, 8-bit precision, half precision model, reduced memory model, efficient inference"
What is 8-bit Quantization,what-is-8-bit-quantization,llms,pending,2,"8-bit quantization, 8-bit precision, half precision model, reduced memory model, efficient inference"
What is 8-bit Quantization,what-is-8-bit-quantization,llms,pending,2,"8-bit quantization, 8-bit precision, half precision model, reduced memory model, efficient inference"
What is 8-bit Quantization,what-is-8-bit-quantization,llms,pending,2,"8-bit quantization, 8-bit precision, half precision model, reduced memory model, efficient inference"
What is 8-bit Quantization,what-is-8-bit-quantization,llms,pending,2,"8-bit quantization, 8-bit precision, half precision model, reduced memory model, efficient inference"
What is 8-bit Quantization,what-is-8-bit-quantization,llms,pending,2,"8-bit quantization, 8-bit precision, half precision model, reduced memory model, efficient inference"
What is 8-bit Quantization,what-is-8-bit-quantization,llms,pending,2,"8-bit quantization, 8-bit precision, half precision model, reduced memory model, efficient inference"
What is 8-bit Quantization,what-is-8-bit-quantization,llms,pending,2,"8-bit quantization, 8-bit precision, half precision model, reduced memory model, efficient inference"
What is 8-bit Quantization,what-is-8-bit-quantization,llms,pending,2,"8-bit quantization, 8-bit precision, half precision model, reduced memory model, efficient inference"
What is 8-bit Quantization,what-is-8-bit-quantization,llms,pending,2,"8-bit quantization, 8-bit precision, half precision model, reduced memory model, efficient inference"
What is 8-bit Quantization,what-is-8-bit-quantization,llms,pending,2,"8-bit quantization, 8-bit precision, half precision model, reduced memory model, efficient inference"
